{
  "horizons": {
    "3": {
      "model_path": "release_forecasting\\artifacts_smoke\\models\\h3_xgb.joblib",
      "model_name": "xgboost",
      "selected_candidate": "xgb_medium",
      "selected_candidate_val_wape": 0.10969157090754485,
      "candidate_val_wape": {
        "xgb_medium": 0.10969157090754485,
        "xgb_deep": 0.11009030111700496
      },
      "final_n_estimators": 182,
      "blend_alpha": 1.0,
      "rows": {
        "core_train": 33720,
        "val": 1440,
        "train_full": 35160,
        "test": 2880
      },
      "metrics": {
        "model_raw": {
          "train": {
            "mae": 3.004286289215088,
            "rmse": 7.895042896270752,
            "wape": 0.11475049903587627,
            "smape": 1.0100769996643066
          },
          "val": {
            "mae": 9.634925842285156,
            "rmse": 17.6436710357666,
            "wape": 0.08025714234582612,
            "smape": 0.17960956692695618
          },
          "test": {
            "mae": 38.6840934753418,
            "rmse": 104.37781524658203,
            "wape": 0.28629258662514007,
            "smape": 0.46960872411727905
          }
        },
        "model_blended": {
          "train": {
            "mae": 3.004286289215088,
            "rmse": 7.895042896270752,
            "wape": 0.11475049903587627,
            "smape": 1.0100769996643066
          },
          "val": {
            "mae": 9.634925842285156,
            "rmse": 17.6436710357666,
            "wape": 0.08025714234582612,
            "smape": 0.17960956692695618
          },
          "test": {
            "mae": 38.6840934753418,
            "rmse": 104.37781524658203,
            "wape": 0.28629258662514007,
            "smape": 0.46960872411727905
          }
        },
        "baseline_seasonal_naive": {
          "train": {
            "mae": 6.6915812492370605,
            "rmse": 19.163681030273438,
            "wape": 0.25558893023003176,
            "smape": 0.45490169525146484
          },
          "val": {
            "mae": 18.852083206176758,
            "rmse": 32.604225158691406,
            "wape": 0.15703435469969285,
            "smape": 0.23505799472332
          },
          "test": {
            "mae": 59.84409713745117,
            "rmse": 109.66484069824219,
            "wape": 0.44289319230729696,
            "smape": 0.6100736260414124
          }
        },
        "improvement_test_wape_pct": 35.358548833485145
      }
    },
    "6": {
      "model_path": "release_forecasting\\artifacts_smoke\\models\\h6_xgb.joblib",
      "model_name": "xgboost",
      "selected_candidate": "xgb_deep",
      "selected_candidate_val_wape": 0.12036166000474337,
      "candidate_val_wape": {
        "xgb_medium": 0.1205856548231939,
        "xgb_deep": 0.12036166000474337
      },
      "final_n_estimators": 169,
      "blend_alpha": 1.0,
      "rows": {
        "core_train": 33360,
        "val": 1440,
        "train_full": 34800,
        "test": 2880
      },
      "metrics": {
        "model_raw": {
          "train": {
            "mae": 3.0276663303375244,
            "rmse": 8.485282897949219,
            "wape": 0.11445945418375383,
            "smape": 1.0397917032241821
          },
          "val": {
            "mae": 9.869096755981445,
            "rmse": 19.613428115844727,
            "wape": 0.08220774788428499,
            "smape": 0.16829988360404968
          },
          "test": {
            "mae": 55.10647201538086,
            "rmse": 125.76423645019531,
            "wape": 0.4078310581706703,
            "smape": 0.5441942811012268
          }
        },
        "model_blended": {
          "train": {
            "mae": 3.0276663303375244,
            "rmse": 8.485282897949219,
            "wape": 0.11445945418375383,
            "smape": 1.0397917032241821
          },
          "val": {
            "mae": 9.869096755981445,
            "rmse": 19.613428115844727,
            "wape": 0.08220774788428499,
            "smape": 0.16829988360404968
          },
          "test": {
            "mae": 55.10647201538086,
            "rmse": 125.76423645019531,
            "wape": 0.4078310581706703,
            "smape": 0.5441942811012268
          }
        },
        "baseline_seasonal_naive": {
          "train": {
            "mae": 6.760804653167725,
            "rmse": 19.262548446655273,
            "wape": 0.25558893023003176,
            "smape": 0.4596075713634491
          },
          "val": {
            "mae": 18.852083206176758,
            "rmse": 32.604225158691406,
            "wape": 0.15703435469969285,
            "smape": 0.23505799472332
          },
          "test": {
            "mae": 59.84409713745117,
            "rmse": 109.66484069824219,
            "wape": 0.44289319230729696,
            "smape": 0.6100736260414124
          }
        },
        "improvement_test_wape_pct": 7.916611667469291
      }
    },
    "9": {
      "model_path": "release_forecasting\\artifacts_smoke\\models\\h9_xgb.joblib",
      "model_name": "xgboost",
      "selected_candidate": "xgb_deep",
      "selected_candidate_val_wape": 0.12902072167863113,
      "candidate_val_wape": {
        "xgb_medium": 0.13504250591474667,
        "xgb_deep": 0.12902072167863113
      },
      "final_n_estimators": 166,
      "blend_alpha": 1.0,
      "rows": {
        "core_train": 33000,
        "val": 1440,
        "train_full": 34440,
        "test": 2880
      },
      "metrics": {
        "model_raw": {
          "train": {
            "mae": 3.3379805088043213,
            "rmse": 9.441015243530273,
            "wape": 0.12488747733590871,
            "smape": 1.0462788343429565
          },
          "val": {
            "mae": 10.479056358337402,
            "rmse": 20.291364669799805,
            "wape": 0.0872885979700416,
            "smape": 0.19511820375919342
          },
          "test": {
            "mae": 60.048274993896484,
            "rmse": 130.71511840820312,
            "wape": 0.4444042658577199,
            "smape": 0.5985680222511292
          }
        },
        "model_blended": {
          "train": {
            "mae": 3.3379805088043213,
            "rmse": 9.441015243530273,
            "wape": 0.12488747733590871,
            "smape": 1.0462788343429565
          },
          "val": {
            "mae": 10.479056358337402,
            "rmse": 20.291364669799805,
            "wape": 0.0872885979700416,
            "smape": 0.19511820375919342
          },
          "test": {
            "mae": 60.048274993896484,
            "rmse": 130.71511840820312,
            "wape": 0.4444042658577199,
            "smape": 0.5985680222511292
          }
        },
        "baseline_seasonal_naive": {
          "train": {
            "mae": 6.831271648406982,
            "rmse": 19.362957000732422,
            "wape": 0.25558576830862056,
            "smape": 0.46400532126426697
          },
          "val": {
            "mae": 18.852083206176758,
            "rmse": 32.604225158691406,
            "wape": 0.15703435469969285,
            "smape": 0.23505799472332
          },
          "test": {
            "mae": 59.84409713745117,
            "rmse": 109.66484069824219,
            "wape": 0.44289319230729696,
            "smape": 0.6100736260414124
          }
        },
        "improvement_test_wape_pct": -0.3411823836241122
      }
    },
    "12": {
      "model_path": "release_forecasting\\artifacts_smoke\\models\\h12_xgb.joblib",
      "model_name": "xgboost",
      "selected_candidate": "xgb_deep",
      "selected_candidate_val_wape": 0.14132655140985,
      "candidate_val_wape": {
        "xgb_medium": 0.1470808546953544,
        "xgb_deep": 0.14132655140985
      },
      "final_n_estimators": 204,
      "blend_alpha": 1.0,
      "rows": {
        "core_train": 32640,
        "val": 1440,
        "train_full": 34080,
        "test": 2880
      },