{
  "horizons": {
    "3": {
      "model_path": "release_forecasting\\artifacts\\models\\h3_xgb.joblib",
      "model_name": "xgboost",
      "selected_candidate": "xgb_medium",
      "selected_candidate_val_wape": 0.10873071684587814,
      "candidate_val_wape": {
        "xgb_medium": 0.10873071684587814,
        "xgb_deep": 0.11076706093189964
      },
      "final_n_estimators": 174,
      "blend_alpha": 1.0,
      "rows": {
        "core_train": 393400,
        "val": 16800,
        "train_full": 410200,
        "test": 33600
      },
      "metrics": {
        "model_raw": {
          "train": {
            "mae": 2.2350800037384033,
            "rmse": 6.880313873291016,
            "wape": 0.0969903309560473,
            "smape": 1.2343071699142456
          },
          "val": {
            "mae": 7.3819475173950195,
            "rmse": 15.996053695678711,
            "wape": 0.07112069892473118,
            "smape": 0.34715235233306885
          },
          "test": {
            "mae": 33.95956802368164,
            "rmse": 105.8561782836914,
            "wape": 0.22940261589889283,
            "smape": 0.566991925239563
          }
        },
        "model_blended": {
          "train": {
            "mae": 2.2350800037384033,
            "rmse": 6.880313873291016,
            "wape": 0.0969903309560473,
            "smape": 1.2343071699142456
          },
          "val": {
            "mae": 7.3819475173950195,
            "rmse": 15.996053695678711,
            "wape": 0.07112069892473118,
            "smape": 0.34715235233306885
          },
          "test": {
            "mae": 33.95956802368164,
            "rmse": 105.8561782836914,
            "wape": 0.22940261589889283,
            "smape": 0.566991925239563
          }
        },
        "baseline_seasonal_naive": {
          "train": {
            "mae": 5.490068435668945,
            "rmse": 19.431289672851562,
            "wape": 0.23823914109645442,
            "smape": 0.410995751619339
          },
          "val": {
            "mae": 19.281190872192383,
            "rmse": 38.778221130371094,
            "wape": 0.18576286738351255,
            "smape": 0.45916983485221863
          },
          "test": {
            "mae": 46.235774993896484,
            "rmse": 101.00618743896484,
            "wape": 0.31233045481385185,
            "smape": 0.648331880569458
          }
        },
        "improvement_test_wape_pct": 26.55131372455619
      }
    },
    "6": {
      "model_path": "release_forecasting\\artifacts\\models\\h6_xgb.joblib",
      "model_name": "xgboost",
      "selected_candidate": "xgb_deep",
      "selected_candidate_val_wape": 0.10967290322580645,
      "candidate_val_wape": {
        "xgb_medium": 0.1107237275985663,
        "xgb_deep": 0.10967290322580645
      },
      "final_n_estimators": 318,
      "blend_alpha": 1.0,
      "rows": {
        "core_train": 389200,
        "val": 16800,
        "train_full": 406000,
        "test": 33600
      },
      "metrics": {
        "model_raw": {
          "train": {
            "mae": 1.980483889579773,
            "rmse": 5.80723762512207,
            "wape": 0.08506228606858754,
            "smape": 1.1456001996994019
          },
          "val": {
            "mae": 6.372344493865967,
            "rmse": 12.171636581420898,
            "wape": 0.06139377240143369,
            "smape": 0.32823944091796875
          },
          "test": {
            "mae": 38.91392517089844,
            "rmse": 107.28912353515625,
            "wape": 0.2628701294680365,
            "smape": 0.6069745421409607
          }
        },
        "model_blended": {
          "train": {
            "mae": 1.980483889579773,
            "rmse": 5.80723762512207,
            "wape": 0.08506228606858754,
            "smape": 1.1456001996994019
          },
          "val": {
            "mae": 6.372344493865967,
            "rmse": 12.171636581420898,
            "wape": 0.06139377240143369,
            "smape": 0.32823944091796875
          },
          "test": {
            "mae": 38.91392517089844,
            "rmse": 107.28912353515625,
            "wape": 0.2628701294680365,
            "smape": 0.6069745421409607
          }
        },
        "baseline_seasonal_naive": {
          "train": {
            "mae": 5.5468621253967285,
            "rmse": 19.531539916992188,
            "wape": 0.23823914109645442,
            "smape": 0.41524747014045715
          },
          "val": {
            "mae": 19.281190872192383,
            "rmse": 38.778221130371094,
            "wape": 0.18576286738351255,
            "smape": 0.45916983485221863
          },
          "test": {
            "mae": 46.235774993896484,
            "rmse": 101.00618743896484,
            "wape": 0.31233045481385185,
            "smape": 0.648331880569458
          }
        },
        "improvement_test_wape_pct": 15.835895790339618
      }
    },
    "9": {
      "model_path": "release_forecasting\\artifacts\\models\\h9_xgb.joblib",
      "model_name": "xgboost",
      "selected_candidate": "xgb_deep",
      "selected_candidate_val_wape": 0.12971297491039427,
      "candidate_val_wape": {
        "xgb_medium": 0.13675882616487456,
        "xgb_deep": 0.12971297491039427
      },
      "final_n_estimators": 220,
      "blend_alpha": 1.0,
      "rows": {
        "core_train": 385000,
        "val": 16800,
        "train_full": 401800,
        "test": 33600
      },
      "metrics": {
        "model_raw": {
          "train": {
            "mae": 2.2271153926849365,
            "rmse": 6.70277214050293,
            "wape": 0.0946669470990456,
            "smape": 1.1868244409561157
          },
          "val": {
            "mae": 6.791304588317871,
            "rmse": 12.924522399902344,
            "wape": 0.06543020161290322,
            "smape": 0.3358982503414154
          },
          "test": {
            "mae": 41.850765228271484,
            "rmse": 113.4398193359375,
            "wape": 0.28270898954135015,
            "smape": 0.6195407509803772
          }
        },
        "model_blended": {
          "train": {
            "mae": 2.2271153926849365,
            "rmse": 6.70277214050293,
            "wape": 0.0946669470990456,
            "smape": 1.1868244409561157
          },
          "val": {
            "mae": 6.791304588317871,
            "rmse": 12.924522399902344,
            "wape": 0.06543020161290322,
            "smape": 0.3358982503414154
          },
          "test": {
            "mae": 41.850765228271484,
            "rmse": 113.4398193359375,
            "wape": 0.28270898954135015,
            "smape": 0.6195407509803772
          }
        },
        "baseline_seasonal_naive": {
          "train": {
            "mae": 5.604663848876953,
            "rmse": 19.633350372314453,
            "wape": 0.2382348258401202,
            "smape": 0.4192294776439667
          },
          "val": {
            "mae": 19.281190872192383,
            "rmse": 38.778221130371094,
            "wape": 0.18576286738351255,
            "smape": 0.45916983485221863
          },
          "test": {
            "mae": 46.235774993896484,
            "rmse": 101.00618743896484,
            "wape": 0.31233045481385185,
            "smape": 0.648331880569458
          }
        },
        "improvement_test_wape_pct": 9.484014387952023
      }
    },
    "12": {
      "model_path": "release_forecasting\\artifacts\\models\\h12_xgb.joblib",
      "model_name": "xgboost",
      "selected_candidate": "xgb_deep",
      "selected_candidate_val_wape": 0.13783509856630824,
      "candidate_val_wape": {
        "xgb_medium": 0.14558739247311828,
        "xgb_deep": 0.13783509856630824
      },
      "final_n_estimators": 195,
      "blend_alpha": 1.0,
      "rows": {
        "core_train": 380800,
        "val": 16800,
        "train_full": 397600,
        "test": 33600
      },